INSERT INTO customers (customer_id, customer_name, region_id, contact_number, category) VALUES (1, 'Alice Uwimana', 1, '0788123456', 'Farmer');
INSERT INTO customers (customer_id, customer_name, region_id, contact_number, category) VALUES (2, 'Jean Bosco', 2, '0788234567', 'Trader');
INSERT INTO customers (customer_id, customer_name, region_id, contact_number, category) VALUES (3, 'Claire Mukamana', 3, '0788345678', 'Farmer');
INSERT INTO customers (customer_id, customer_name, region_id, contact_number, category) VALUES (4, 'Eric Niyonzima', 4, '0788456789', 'Trader');
INSERT INTO customers (customer_id, customer_name, region_id, contact_number, category) VALUES (5, 'Marie Ingabire', 5, '0788567890', 'Farmer');
INSERT INTO customers (customer_id, customer_name, region_id, contact_number, category) VALUES (6, 'Patrick Habimana', 1, '0788678901', 'Farmer');
INSERT INTO customers (customer_id, customer_name, region_id, contact_number, category) VALUES (7, 'Sandrine Uwase', 2, '0788789012', 'Cooperative');
INSERT INTO customers (customer_id, customer_name, region_id, contact_number, category) VALUES (8, 'David Nshimiyimana', 3, '0788890123', 'Farmer');
INSERT INTO customers (customer_id, customer_name, region_id, contact_number, category) VALUES (9, 'Aline Mukarurangwa', 4, '0788901234', 'Trader');
INSERT INTO customers (customer_id, customer_name, region_id, contact_number, category) VALUES (10, 'Jean Pierre', 5, '0788012345', 'Institution');
INSERT INTO customers (customer_id, customer_name, region_id, contact_number, category) VALUES (11, 'Fabrice Uwitonze', 1, '0788123457', 'Trader');
INSERT INTO customers (customer_id, customer_name, region_id, contact_number, category) VALUES (12, 'Alice Mukankusi', 2, '0788234568', 'Farmer');
INSERT INTO customers (customer_id, customer_name, region_id, contact_number, category) VALUES (13, 'Emmanuel Ndayisaba', 3, '0788345679', 'Cooperative');
INSERT INTO customers (customer_id, customer_name, region_id, contact_number, category) VALUES (14, 'Christine Uwimana', 4, '0788456790', 'Farmer');
INSERT INTO customers (customer_id, customer_name, region_id, contact_number, category) VALUES (15, 'Jean Claude', 5, '0788567891', 'Trader');
INSERT INTO customers (customer_id, customer_name, region_id, contact_number, category) VALUES (16, 'Alice Mukandayisenga', 1, '0788678902', 'Farmer');
INSERT INTO customers (customer_id, customer_name, region_id, contact_number, category) VALUES (17, 'Patrick Nsengiyumva', 2, '0788789013', 'Trader');
INSERT INTO customers (customer_id, customer_name, region_id, contact_number, category) VALUES (18, 'Sandra Mukandutiye', 3, '0788890124', 'Farmer');
INSERT INTO customers (customer_id, customer_name, region_id, contact_number, category) VALUES (19, 'Eric Uwase', 4, '0788901235', 'Cooperative');
INSERT INTO customers (customer_id, customer_name, region_id, contact_number, category) VALUES (20, 'Marie Mukamurenzi', 5, '0788012346', 'Farmer');


INSERT INTO customers VALUES (21, 'Jean Bosco Ndayisaba', 1, '0788001122', 'Farmer');
INSERT INTO customers VALUES (22, 'Clarisse Uwera', 2, '0788345567', 'Retailer');
INSERT INTO customers VALUES (23, 'Emmanuel Mugisha', 3, '0788456789', 'Wholesaler');
INSERT INTO customers VALUES (24, 'Diane Ingabire', 4, '0788890012', 'Cooperative');
INSERT INTO customers VALUES (25, 'Patrick Habimana', 5, '0788765432', 'Farmer');
INSERT INTO customers VALUES (26, 'Yvonne Mutuyimana', 1, '0788234567', 'Market Vendor');
INSERT INTO customers VALUES (27, 'Samuel Gahungu', 2, '0788654321', 'Retailer');
INSERT INTO customers VALUES (28, 'Alice Umutoni', 3, '0788123987', 'Cooperative');
INSERT INTO customers VALUES (29, 'Thierry Niyonshuti', 4, '0788451234', 'Wholesaler');
INSERT INTO customers VALUES (30, 'Naome Nyirahabimana', 5, '0788345123', 'Farmer');

INSERT INTO customers VALUES (31, 'Eric Tuyishime', 1, '0788678901', 'Retailer');
INSERT INTO customers VALUES (32, 'Sandrine Uwamahoro', 2, '0788987654', 'Farmer');
INSERT INTO customers VALUES (33, 'Aimable Rucyahana', 3, '0788897645', 'Market Vendor');
INSERT INTO customers VALUES (34, 'Josiane Umurerwa', 4, '0788567345', 'Cooperative');
INSERT INTO customers VALUES (35, 'Ismael Nkusi', 5, '0788321456', 'Wholesaler');
INSERT INTO customers VALUES (36, 'Meline Uwase', 1, '0788213478', 'Farmer');
INSERT INTO customers VALUES (37, 'Jean de Dieu Rwabuhihi', 2, '0788432156', 'Retailer');
INSERT INTO customers VALUES (38, 'Solange Mukandayisenga', 3, '0788654789', 'Cooperative');
INSERT INTO customers VALUES (39, 'Clement Nkurunziza', 4, '0788901234', 'Wholesaler');
INSERT INTO customers VALUES (40, 'Agnes Mukantabana', 5, '0788459988', 'Market Vendor');

INSERT INTO customers VALUES (41, 'Marius Hakizimana', 1, '0788981123', 'Retailer');
INSERT INTO customers VALUES (42, 'Chantal Umutesi', 2, '0788894455', 'Farmer');
INSERT INTO customers VALUES (43, 'Bernard Mutangana', 3, '0788456677', 'Wholesaler');
INSERT INTO customers VALUES (44, 'Regine Tuyizere', 4, '0788011223', 'Cooperative');
INSERT INTO customers VALUES (45, 'Alain Karasira', 5, '0788887643', 'Market Vendor');
INSERT INTO customers VALUES (46, 'Grace Mukandayisaba', 1, '0788453321', 'Farmer');
INSERT INTO customers VALUES (47, 'Fabrice Rutayisire', 2, '0788907654', 'Retailer');
INSERT INTO customers VALUES (48, 'Joselyne Uwababyeyi', 3, '0788765001', 'Cooperative');
INSERT INTO customers VALUES (49, 'Olivier Uwizeyimana', 4, '0788674554', 'Wholesaler');
INSERT INTO customers VALUES (50, 'Rosine Dusabimana', 5, '0788891002', 'Market Vendor');

INSERT INTO customers VALUES (51, 'Jean Damascene Twagiramungu', 1, '0788356733', 'Farmer');
INSERT INTO customers VALUES (52, 'Alice Nyirabagenzi', 2, '0788765432', 'Retailer');
INSERT INTO customers VALUES (53, 'Eric Niyonzima', 3, '0788444333', 'Market Vendor');
INSERT INTO customers VALUES (54, 'Martha Mukazayire', 4, '0788567123', 'Cooperative');
INSERT INTO customers VALUES (55, 'Evode Habyarimana', 5, '0788328765', 'Wholesaler');
INSERT INTO customers VALUES (56, 'Yvette Nyiransabimana', 1, '0788456678', 'Farmer');
INSERT INTO customers VALUES (57, 'Jean Luc Rucogoza', 2, '0788334123', 'Retailer');
INSERT INTO customers VALUES (58, 'Vestine Mukahigiro', 3, '0788124590', 'Cooperative');
INSERT INTO customers VALUES (59, 'Mugabo Pascal', 4, '0788654002', 'Wholesaler');
INSERT INTO customers VALUES (60, 'Mediatrice Mutwali', 5, '0788903456', 'Market Vendor');

INSERT INTO customers VALUES (61, 'Patrick Nkurikiyinka', 1, '0788452231', 'Farmer');
INSERT INTO customers VALUES (62, 'Solange Nirere', 2, '0788334987', 'Retailer');
INSERT INTO customers VALUES (63, 'Jeanette Mukamurenzi', 3, '0788651234', 'Market Vendor');
INSERT INTO customers VALUES (64, 'Musa Ntaganda', 4, '0788897654', 'Wholesaler');
INSERT INTO customers VALUES (65, 'Leah Nyiranshimiyimana', 5, '0788567890', 'Cooperative');
INSERT INTO customers VALUES (66, 'Innocent Habiyambere', 1, '0788987001', 'Farmer');
INSERT INTO customers VALUES (67, 'Anitha Uwiringiyimana', 2, '0788456009', 'Retailer');
INSERT INTO customers VALUES (68, 'Jean Pierre Tuyisenge', 3, '0788123345', 'Cooperative');
INSERT INTO customers VALUES (69, 'Grace Umuraza', 4, '0788900789', 'Market Vendor');
INSERT INTO customers VALUES (70, 'Didier Iradukunda', 5, '0788765098', 'Wholesaler');

INSERT INTO customers VALUES (71, 'Sylvie Mukangoga', 1, '0788457654', 'Farmer');
INSERT INTO customers VALUES (72, 'Jean Claude Gakuru', 2, '0788337654', 'Retailer');
INSERT INTO customers VALUES (73, 'Josiane Mukashyaka', 3, '0788121199', 'Cooperative');
INSERT INTO customers VALUES (74, 'Eric Ruzindana', 4, '0788659987', 'Wholesaler');
INSERT INTO customers VALUES (75, 'Florence Murekatete', 5, '0788564099', 'Market Vendor');
INSERT INTO customers VALUES (76, 'Isaac Gahongayire', 1, '0788988800', 'Farmer');
INSERT INTO customers VALUES (77, 'Gaudence Nyirahabimana', 2, '0788453378', 'Retailer');
INSERT INTO customers VALUES (78, 'Benjamin Mutagoma', 3, '0788330987', 'Wholesaler');
INSERT INTO customers VALUES (79, 'Denise Mutuyimana', 4, '0788652211', 'Cooperative');
INSERT INTO customers VALUES (80, 'Justin Niyomugabo', 5, '0788892222', 'Market Vendor');

INSERT INTO customers VALUES (81, 'Rebecca Mukamusoni', 1, '0788563300', 'Retailer');
INSERT INTO customers VALUES (82, 'Gilbert Ndagijimana', 2, '0788457721', 'Farmer');
INSERT INTO customers VALUES (83, 'Ange Uwase', 3, '0788332100', 'Market Vendor');
INSERT INTO customers VALUES (84, 'Jean Michel Kayumba', 4, '0788127654', 'Wholesaler');
INSERT INTO customers VALUES (85, 'Odette Umutoni', 5, '0788766555', 'Cooperative');
INSERT INTO customers VALUES (86, 'Claude Mugwaneza', 1, '0788904321', 'Farmer');
INSERT INTO customers VALUES (87, 'Salome Uwineza', 2, '0788898765', 'Retailer');
INSERT INTO customers VALUES (88, 'Kevin Kabalisa', 3, '0788456788', 'Wholesaler');
INSERT INTO customers VALUES (89, 'Alice Nyirahirwa', 4, '0788567110', 'Market Vendor');
INSERT INTO customers VALUES (90, 'Jean Paul Rucogoza', 5, '0788129987', 'Cooperative');

INSERT INTO customers VALUES (91, 'Herve Rutikanga', 1, '0788332211', 'Wholesaler');
INSERT INTO customers VALUES (92, 'Brigitte Murekatete', 2, '0788450999', 'Farmer');
INSERT INTO customers VALUES (93, 'Jonathan Karangwa', 3, '0788761122', 'Retailer');
INSERT INTO customers VALUES (94, 'Gisele Nyirabizeyimana', 4, '0788456671', 'Cooperative');
INSERT INTO customers VALUES (95, 'Patrick Tuyizere', 5, '0788987654', 'Market Vendor');
INSERT INTO customers VALUES (96, 'Ruth Uwimana', 1, '0788124433', 'Farmer');
INSERT INTO customers VALUES (97, 'Jerome Mugabire', 2, '0788650912', 'Wholesaler');
INSERT INTO customers VALUES (98, 'Sandrine Uwanyirigira', 3, '0788890090', 'Retailer');
INSERT INTO customers VALUES (99, 'Eric Ndayisaba', 4, '0788334555', 'Cooperative');
INSERT INTO customers VALUES (100, 'Alice Ingabire', 5, '0788456611', 'Market Vendor');






INSERT INTO products VALUES (101, 'Maize', 'Cereals', 260);
INSERT INTO products VALUES (102, 'Wheat', 'Cereals', 275);
INSERT INTO products VALUES (103, 'Rice', 'Cereals', 450);
INSERT INTO products VALUES (104, 'Barley', 'Cereals', 430);
INSERT INTO products VALUES (105, 'Oats', 'Cereals', 320);

INSERT INTO products VALUES (106, 'Beans', 'Legumes', 380);
INSERT INTO products VALUES (107, 'Peas', 'Legumes', 340);
INSERT INTO products VALUES (108, 'Soybeans', 'Legumes', 390);
INSERT INTO products VALUES (109, 'Lentils', 'Legumes', 360);
INSERT INTO products VALUES (110, 'Chickpeas', 'Legumes', 410);

INSERT INTO products VALUES (111, 'Tomato', 'Vegetables', 150);
INSERT INTO products VALUES (112, 'Carrot', 'Vegetables', 185);
INSERT INTO products VALUES (113, 'Potato', 'Vegetables', 205);
INSERT INTO products VALUES (114, 'Cabbage', 'Vegetables', 140);
INSERT INTO products VALUES (115, 'Onion', 'Vegetables', 165);

INSERT INTO products VALUES (116, 'Banana', 'Fruits', 125);
INSERT INTO products VALUES (117, 'Mango', 'Fruits', 270);
INSERT INTO products VALUES (118, 'Pineapple', 'Fruits', 310);
INSERT INTO products VALUES (119, 'Apple', 'Fruits', 450);
INSERT INTO products VALUES (120, 'Orange', 'Fruits', 260);

INSERT INTO products VALUES (121, 'Coffee', 'Cash Crop', 1300);
INSERT INTO products VALUES (122, 'Tea', 'Cash Crop', 1150);
INSERT INTO products VALUES (123, 'Cotton', 'Cash Crop', 950);
INSERT INTO products VALUES (124, 'Tobacco', 'Cash Crop', 1120);
INSERT INTO products VALUES (125, 'Sugarcane', 'Cash Crop', 900);

INSERT INTO products VALUES (126, 'TomatoSeed', 'Horticulture', 800);
INSERT INTO products VALUES (127, 'CabbageSeed', 'Horticulture', 650);
INSERT INTO products VALUES (128, 'SpinachSeed', 'Horticulture', 700);
INSERT INTO products VALUES (129, 'OnionSeed', 'Horticulture', 670);
INSERT INTO products VALUES (130, 'CarrotSeed', 'Horticulture', 720);

INSERT INTO products VALUES (131, 'Goat', 'Livestock', 5200);
INSERT INTO products VALUES (132, 'Cow', 'Livestock', 10500);
INSERT INTO products VALUES (133, 'Bull', 'Livestock', 15500);
INSERT INTO products VALUES (134, 'Sheep', 'Livestock', 6000);
INSERT INTO products VALUES (135, 'Pig', 'Livestock', 4800);

INSERT INTO products VALUES (136, 'Cucumber', 'Vegetables', 145);
INSERT INTO products VALUES (137, 'Pepper', 'Vegetables', 190);
INSERT INTO products VALUES (138, 'Spinach', 'Vegetables', 170);
INSERT INTO products VALUES (139, 'Broccoli', 'Vegetables', 260);
INSERT INTO products VALUES (140, 'Cauliflower', 'Vegetables', 275);

INSERT INTO products VALUES (141, 'Passion', 'Fruits', 320);
INSERT INTO products VALUES (142, 'Avocado', 'Fruits', 290);
INSERT INTO products VALUES (143, 'Watermelon', 'Fruits', 350);
INSERT INTO products VALUES (144, 'Papaya', 'Fruits', 270);
INSERT INTO products VALUES (145, 'Tangerine', 'Fruits', 230);

INSERT INTO products VALUES (146, 'Groundnuts', 'Legumes', 420);
INSERT INTO products VALUES (147, 'Pigeonpeas', 'Legumes', 370);
INSERT INTO products VALUES (148, 'Blackbeans', 'Legumes', 390);
INSERT INTO products VALUES (149, 'Sunflower', 'Cash Crop', 950);
INSERT INTO products VALUES (150, 'Sesame', 'Cash Crop', 990);

INSERT INTO products VALUES (151, 'Sorghum', 'Cereals', 310);
INSERT INTO products VALUES (152, 'Millet', 'Cereals', 295);
INSERT INTO products VALUES (153, 'Buckwheat', 'Cereals', 420);
INSERT INTO products VALUES (154, 'Rye', 'Cereals', 350);
INSERT INTO products VALUES (155, 'CornFlour', 'Cereals', 280);

INSERT INTO products VALUES (156, 'Kidney Beans', 'Legumes', 410);
INSERT INTO products VALUES (157, 'Black-Eyed Peas', 'Legumes', 360);
INSERT INTO products VALUES (158, 'Pinto Beans', 'Legumes', 395);
INSERT INTO products VALUES (159, 'Green Gram', 'Legumes', 345);
INSERT INTO products VALUES (160, 'Broad Beans', 'Legumes', 385);

INSERT INTO products VALUES (161, 'Pumpkin', 'Vegetables', 210);
INSERT INTO products VALUES (162, 'Beetroot', 'Vegetables', 190);
INSERT INTO products VALUES (163, 'Lettuce', 'Vegetables', 160);
INSERT INTO products VALUES (164, 'Zucchini', 'Vegetables', 180);
INSERT INTO products VALUES (165, 'Eggplant', 'Vegetables', 200);

INSERT INTO products VALUES (166, 'Strawberry', 'Fruits', 480);
INSERT INTO products VALUES (167, 'Guava', 'Fruits', 260);
INSERT INTO products VALUES (168, 'Pear', 'Fruits', 300);
INSERT INTO products VALUES (169, 'Grapes', 'Fruits', 550);
INSERT INTO products VALUES (170, 'Kiwi', 'Fruits', 600);

INSERT INTO products VALUES (171, 'Cocoa', 'Cash Crop', 1500);
INSERT INTO products VALUES (172, 'Rubber', 'Cash Crop', 1350);
INSERT INTO products VALUES (173, 'Jute', 'Cash Crop', 900);
INSERT INTO products VALUES (174, 'Palm Oil', 'Cash Crop', 1200);
INSERT INTO products VALUES (175, 'Vanilla', 'Cash Crop', 6000);

INSERT INTO products VALUES (176, 'LettuceSeed', 'Horticulture', 680);
INSERT INTO products VALUES (177, 'PepperSeed', 'Horticulture', 720);
INSERT INTO products VALUES (178, 'TomatoHybridSeed', 'Horticulture', 890);
INSERT INTO products VALUES (179, 'PumpkinSeed', 'Horticulture', 740);
INSERT INTO products VALUES (180, 'BeetrootSeed', 'Horticulture', 690);

INSERT INTO products VALUES (181, 'Chicken', 'Livestock', 2800);
INSERT INTO products VALUES (182, 'Duck', 'Livestock', 2500);
INSERT INTO products VALUES (183, 'Turkey', 'Livestock', 4500);
INSERT INTO products VALUES (184, 'Rabbit', 'Livestock', 3200);
INSERT INTO products VALUES (185, 'Horse', 'Livestock', 30000);

INSERT INTO products VALUES (186, 'Celery', 'Vegetables', 160);
INSERT INTO products VALUES (187, 'Radish', 'Vegetables', 150);
INSERT INTO products VALUES (188, 'Asparagus', 'Vegetables', 420);
INSERT INTO products VALUES (189, 'Corn', 'Vegetables', 220);
INSERT INTO products VALUES (190, 'Sweet Potato', 'Vegetables', 260);

INSERT INTO products VALUES (191, 'Blueberry', 'Fruits', 750);
INSERT INTO products VALUES (192, 'Blackberry', 'Fruits', 700);
INSERT INTO products VALUES (193, 'Cranberry', 'Fruits', 680);
INSERT INTO products VALUES (194, 'Plum', 'Fruits', 350);
INSERT INTO products VALUES (195, 'Apricot', 'Fruits', 330);

INSERT INTO products VALUES (196, 'Castor', 'Cash Crop', 820);
INSERT INTO products VALUES (197, 'Hemp', 'Cash Crop', 1300);
INSERT INTO products VALUES (198, 'Flax', 'Cash Crop', 970);
INSERT INTO products VALUES (199, 'Sisal', 'Cash Crop', 880);
INSERT INTO products VALUES (200, 'Rattan', 'Cash Crop', 920);

INSERT INTO products VALUES (201, 'Garlic', 'Vegetables', 200);
INSERT INTO products VALUES (202, 'Leek', 'Vegetables', 210);
INSERT INTO products VALUES (203, 'Okra', 'Vegetables', 230);
INSERT INTO products VALUES (204, 'Ginger', 'Vegetables', 450);
INSERT INTO products VALUES (205, 'Bitter Gourd', 'Vegetables', 240);

INSERT INTO products VALUES (206, 'Lychee', 'Fruits', 620);
INSERT INTO products VALUES (207, 'Dragon Fruit', 'Fruits', 900);
INSERT INTO products VALUES (208, 'Fig', 'Fruits', 500);
INSERT INTO products VALUES (209, 'Coconut', 'Fruits', 350);
INSERT INTO products VALUES (210, 'Sapota', 'Fruits', 260);

INSERT INTO products VALUES (211, 'Camel', 'Livestock', 150000);
INSERT INTO products VALUES (212, 'Donkey', 'Livestock', 20000);
INSERT INTO products VALUES (213, 'Buffalo', 'Livestock', 18000);
INSERT INTO products VALUES (214, 'Quail', 'Livestock', 1500);
INSERT INTO products VALUES (215, 'Goose', 'Livestock', 3500);

INSERT INTO products VALUES (216, 'CauliflowerSeed', 'Horticulture', 840);
INSERT INTO products VALUES (217, 'BroccoliSeed', 'Horticulture', 880);
INSERT INTO products VALUES (218, 'RadishSeed', 'Horticulture', 710);
INSERT INTO products VALUES (219, 'PumpkinHybridSeed', 'Horticulture', 920);
INSERT INTO products VALUES (220, 'OkraSeed', 'Horticulture', 780);

INSERT INTO products VALUES (221, 'Moong Dal', 'Legumes', 390);
INSERT INTO products VALUES (222, 'Toor Dal', 'Legumes', 370);
INSERT INTO products VALUES (223, 'Chana Dal', 'Legumes', 410);
INSERT INTO products VALUES (224, 'Urad Dal', 'Legumes', 400);
INSERT INTO products VALUES (225, 'Soy Milk', 'Legumes', 480);

INSERT INTO products VALUES (226, 'Rice Flour', 'Cereals', 350);
INSERT INTO products VALUES (227, 'Wheat Flour', 'Cereals', 300);
INSERT INTO products VALUES (228, 'Barley Flour', 'Cereals', 330);
INSERT INTO products VALUES (229, 'Oat Flour', 'Cereals', 340);
INSERT INTO products VALUES (230, 'Finger Millet', 'Cereals', 305);






INSERT INTO sales (sale_id, customer_id, product_id, region_id, sale_date, quantity, total_amount) VALUES (101, 1, 101, 1, DATE '2024-12-01', 10, 2600);
INSERT INTO sales (sale_id, customer_id, product_id, region_id, sale_date, quantity, total_amount) VALUES (102, 2, 105, 3, DATE '2024-12-02', 5, 1300);
INSERT INTO sales (sale_id, customer_id, product_id, region_id, sale_date, quantity, total_amount) VALUES (103, 3, 110, 2, DATE '2024-12-03', 8, 2080);
INSERT INTO sales (sale_id, customer_id, product_id, region_id, sale_date, quantity, total_amount) VALUES (104, 4, 103, 5, DATE '2024-12-04', 12, 3120);
INSERT INTO sales (sale_id, customer_id, product_id, region_id, sale_date, quantity, total_amount) VALUES (105, 5, 115, 1, DATE '2024-12-05', 15, 3900);
INSERT INTO sales (sale_id, customer_id, product_id, region_id, sale_date, quantity, total_amount) VALUES (106, 6, 120, 4, DATE '2024-12-06', 7, 1820);
INSERT INTO sales (sale_id, customer_id, product_id, region_id, sale_date, quantity, total_amount) VALUES (107, 7, 125, 2, DATE '2024-12-07', 20, 5200);
INSERT INTO sales (sale_id, customer_id, product_id, region_id, sale_date, quantity, total_amount) VALUES (108, 8, 130, 3, DATE '2024-12-08', 3, 780);
INSERT INTO sales (sale_id, customer_id, product_id, region_id, sale_date, quantity, total_amount) VALUES (109, 9, 101, 5, DATE '2024-12-09', 11, 2860);
INSERT INTO sales (sale_id, customer_id, product_id, region_id, sale_date, quantity, total_amount) VALUES (110, 10, 140, 1, DATE '2024-12-10', 6, 1560);
INSERT INTO sales (sale_id, customer_id, product_id, region_id, sale_date, quantity, total_amount) VALUES (111, 11, 145, 2, DATE '2024-12-11', 9, 2340);
INSERT INTO sales (sale_id, customer_id, product_id, region_id, sale_date, quantity, total_amount) VALUES (112, 12, 150, 3, DATE '2024-12-12', 14, 3640);
INSERT INTO sales (sale_id, customer_id, product_id, region_id, sale_date, quantity, total_amount) VALUES (113, 13, 102, 4, DATE '2024-12-13', 2, 520);
INSERT INTO sales (sale_id, customer_id, product_id, region_id, sale_date, quantity, total_amount) VALUES (114, 14, 107, 5, DATE '2024-12-14', 16, 4160);
INSERT INTO sales (sale_id, customer_id, product_id, region_id, sale_date, quantity, total_amount) VALUES (115, 15, 109, 1, DATE '2024-12-15', 13, 3380);
INSERT INTO sales (sale_id, customer_id, product_id, region_id, sale_date, quantity, total_amount) VALUES (116, 16, 112, 2, DATE '2024-12-16', 18, 4680);
INSERT INTO sales (sale_id, customer_id, product_id, region_id, sale_date, quantity, total_amount) VALUES (117, 17, 118, 3, DATE '2024-12-17', 4, 1040);
INSERT INTO sales (sale_id, customer_id, product_id, region_id, sale_date, quantity, total_amount) VALUES (118, 18, 111, 4, DATE '2024-12-18', 19, 4940);
INSERT INTO sales (sale_id, customer_id, product_id, region_id, sale_date, quantity, total_amount) VALUES (119, 19, 106, 5, DATE '2024-12-19', 1, 260);
INSERT INTO sales (sale_id, customer_id, product_id, region_id, sale_date, quantity, total_amount) VALUES (120, 20, 103, 1, DATE '2024-12-20', 17, 4420);


INSERT INTO sales VALUES (121, 21, 102, 2, DATE '2024-12-21', 6, 1650);
INSERT INTO sales VALUES (122, 22, 108, 3, DATE '2024-12-22', 8, 3120);
INSERT INTO sales VALUES (123, 23, 114, 4, DATE '2024-12-23', 10, 1400);
INSERT INTO sales VALUES (124, 24, 120, 5, DATE '2024-12-24', 12, 3120);
INSERT INTO sales VALUES (125, 25, 121, 1, DATE '2024-12-25', 4, 5200);

INSERT INTO sales VALUES (126, 26, 125, 2, DATE '2024-12-26', 5, 1300);
INSERT INTO sales VALUES (127, 27, 130, 3, DATE '2024-12-27', 7, 1820);
INSERT INTO sales VALUES (128, 28, 116, 4, DATE '2024-12-28', 9, 1125);
INSERT INTO sales VALUES (129, 29, 136, 5, DATE '2024-12-29', 11, 1595);
INSERT INTO sales VALUES (130, 30, 142, 1, DATE '2024-12-30', 14, 4060);

INSERT INTO sales VALUES (131, 31, 144, 2, DATE '2024-12-31', 3, 810);
INSERT INTO sales VALUES (132, 32, 147, 3, DATE '2024-12-15', 2, 740);
INSERT INTO sales VALUES (133, 33, 149, 4, DATE '2024-12-16', 8, 7600);
INSERT INTO sales VALUES (134, 34, 150, 5, DATE '2024-12-17', 13, 12870);
INSERT INTO sales VALUES (135, 35, 138, 1, DATE '2024-12-18', 4, 680);

INSERT INTO sales VALUES (136, 36, 139, 2, DATE '2024-12-19', 6, 1560);
INSERT INTO sales VALUES (137, 37, 143, 3, DATE '2024-12-20', 7, 2450);
INSERT INTO sales VALUES (138, 38, 137, 4, DATE '2024-12-21', 10, 1900);
INSERT INTO sales VALUES (139, 39, 133, 5, DATE '2024-12-22', 1, 15500);
INSERT INTO sales VALUES (140, 40, 132, 1, DATE '2024-12-23', 2, 21000);

INSERT INTO sales VALUES (141, 41, 131, 2, DATE '2024-12-24', 3, 15600);
INSERT INTO sales VALUES (142, 42, 129, 3, DATE '2024-12-25', 9, 6030);
INSERT INTO sales VALUES (143, 43, 128, 4, DATE '2024-12-26', 5, 3500);
INSERT INTO sales VALUES (144, 44, 127, 5, DATE '2024-12-27', 4, 2600);
INSERT INTO sales VALUES (145, 45, 126, 1, DATE '2024-12-28', 8, 6400);

INSERT INTO sales VALUES (146, 46, 124, 2, DATE '2024-12-29', 6, 6720);
INSERT INTO sales VALUES (147, 47, 123, 3, DATE '2024-12-30', 2, 1900);
INSERT INTO sales VALUES (148, 48, 122, 4, DATE '2024-12-31', 10, 11500);
INSERT INTO sales VALUES (149, 49, 119, 5, DATE '2024-12-01', 9, 4050);
INSERT INTO sales VALUES (150, 50, 118, 1, DATE '2024-12-02', 7, 1890);

INSERT INTO sales VALUES (151, 1, 117, 2, DATE '2024-12-03', 3, 810);
INSERT INTO sales VALUES (152, 2, 116, 3, DATE '2024-12-04', 8, 1000);
INSERT INTO sales VALUES (153, 3, 115, 4, DATE '2024-12-05', 5, 825);
INSERT INTO sales VALUES (154, 4, 114, 5, DATE '2024-12-06', 12, 1680);
INSERT INTO sales VALUES (155, 5, 113, 1, DATE '2024-12-07', 11, 2255);

INSERT INTO sales VALUES (156, 6, 112, 2, DATE '2024-12-08', 4, 740);
INSERT INTO sales VALUES (157, 7, 111, 3, DATE '2024-12-09', 6, 900);
INSERT INTO sales VALUES (158, 8, 110, 4, DATE '2024-12-10', 7, 2870);
INSERT INTO sales VALUES (159, 9, 109, 5, DATE '2024-12-11', 3, 810);
INSERT INTO sales VALUES (160, 10, 108, 1, DATE '2024-12-12', 14, 5460);

INSERT INTO sales VALUES (161, 11, 107, 2, DATE '2024-12-13', 5, 1700);
INSERT INTO sales VALUES (162, 12, 106, 3, DATE '2024-12-14', 6, 2280);
INSERT INTO sales VALUES (163, 13, 105, 4, DATE '2024-12-15', 2, 550);
INSERT INTO sales VALUES (164, 14, 104, 5, DATE '2024-12-16', 8, 3440);
INSERT INTO sales VALUES (165, 15, 103, 1, DATE '2024-12-17', 9, 3390);

INSERT INTO sales VALUES (166, 16, 102, 2, DATE '2024-12-18', 3, 815);
INSERT INTO sales VALUES (167, 17, 101, 3, DATE '2024-12-19', 1, 260);
INSERT INTO sales VALUES (168, 18, 150, 4, DATE '2024-12-20', 10, 9900);
INSERT INTO sales VALUES (169, 19, 149, 5, DATE '2024-12-21', 12, 11400);
INSERT INTO sales VALUES (170, 20, 148, 1, DATE '2024-12-22', 14, 5460);

INSERT INTO sales VALUES (171, 21, 147, 2, DATE '2024-12-23', 7, 2590);
INSERT INTO sales VALUES (172, 22, 146, 3, DATE '2024-12-24', 5, 2100);
INSERT INTO sales VALUES (173, 23, 145, 4, DATE '2024-12-25', 8, 1840);
INSERT INTO sales VALUES (174, 24, 144, 5, DATE '2024-12-26', 6, 1620);
INSERT INTO sales VALUES (175, 25, 143, 1, DATE '2024-12-27', 7, 2450);

INSERT INTO sales VALUES (176, 26, 142, 2, DATE '2024-12-28', 9, 2610);
INSERT INTO sales VALUES (177, 27, 141, 3, DATE '2024-12-29', 5, 1600);
INSERT INTO sales VALUES (178, 28, 140, 4, DATE '2024-12-30', 12, 3300);
INSERT INTO sales VALUES (179, 29, 139, 5, DATE '2024-12-01', 10, 2600);
INSERT INTO sales VALUES (180, 30, 138, 1, DATE '2024-12-02', 4, 680);

INSERT INTO sales VALUES (181, 31, 137, 2, DATE '2024-12-03', 2, 380);
INSERT INTO sales VALUES (182, 32, 136, 3, DATE '2024-12-04', 6, 870);
INSERT INTO sales VALUES (183, 33, 135, 4, DATE '2024-12-05', 1, 4800);
INSERT INTO sales VALUES (184, 34, 134, 5, DATE '2024-12-06', 3, 18000);
INSERT INTO sales VALUES (185, 35, 133, 1, DATE '2024-12-07', 7, 108500);

INSERT INTO sales VALUES (186, 36, 132, 2, DATE '2024-12-08', 5, 52500);
INSERT INTO sales VALUES (187, 37, 131, 3, DATE '2024-12-09', 3, 15600);
INSERT INTO sales VALUES (188, 38, 130, 4, DATE '2024-12-10', 2, 520);
INSERT INTO sales VALUES (189, 39, 129, 5, DATE '2024-12-11', 9, 6030);
INSERT INTO sales VALUES (190, 40, 128, 1, DATE '2024-12-12', 10, 7000);

INSERT INTO sales VALUES (191, 41, 127, 2, DATE '2024-12-13', 4, 2600);
INSERT INTO sales VALUES (192, 42, 126, 3, DATE '2024-12-14', 6, 4800);
INSERT INTO sales VALUES (193, 43, 125, 4, DATE '2024-12-15', 8, 2080);
INSERT INTO sales VALUES (194, 44, 124, 5, DATE '2024-12-16', 7, 7840);
INSERT INTO sales VALUES (195, 45, 123, 1, DATE '2024-12-17', 2, 1900);

INSERT INTO sales VALUES (196, 46, 122, 2, DATE '2024-12-18', 10, 11500);
INSERT INTO sales VALUES (197, 47, 121, 3, DATE '2024-12-19', 6, 7800);
INSERT INTO sales VALUES (198, 48, 120, 4, DATE '2024-12-20', 12, 3120);
INSERT INTO sales VALUES (199, 49, 119, 5, DATE '2024-12-21', 9, 4050);
INSERT INTO sales VALUES (200, 50, 118, 1, DATE '2024-12-22', 10, 2700);







INSERT INTO payments (payment_id, sale_id, payment_date, payment_method, amount_paid, payment_status) 
VALUES (201, 101, DATE '2024-12-02', 'Cash', 2600, 'Paid');

INSERT INTO payments (payment_id, sale_id, payment_date, payment_method, amount_paid, payment_status) 
VALUES (202, 102, DATE '2024-12-03', 'Mobile Money', 1300, 'Paid');

INSERT INTO payments (payment_id, sale_id, payment_date, payment_method, amount_paid, payment_status) 
VALUES (203, 103, DATE '2024-12-04', 'Bank Transfer', 2080, 'Paid');

INSERT INTO payments (payment_id, sale_id, payment_date, payment_method, amount_paid, payment_status) 
VALUES (204, 104, DATE '2024-12-05', 'Cash', 3120, 'Pending');

INSERT INTO payments (payment_id, sale_id, payment_date, payment_method, amount_paid, payment_status) 
VALUES (205, 105, DATE '2024-12-06', 'Mobile Money', 3900, 'Paid');

INSERT INTO payments (payment_id, sale_id, payment_date, payment_method, amount_paid, payment_status) 
VALUES (206, 106, DATE '2024-12-07', 'Bank Transfer', 1820, 'Partial');

INSERT INTO payments (payment_id, sale_id, payment_date, payment_method, amount_paid, payment_status) 
VALUES (207, 107, DATE '2024-12-08', 'Cash', 5200, 'Paid');

INSERT INTO payments (payment_id, sale_id, payment_date, payment_method, amount_paid, payment_status) 
VALUES (208, 108, DATE '2024-12-09', 'Mobile Money', 780, 'Paid');

INSERT INTO payments (payment_id, sale_id, payment_date, payment_method, amount_paid, payment_status) 
VALUES (209, 109, DATE '2024-12-10', 'Bank Transfer', 2860, 'Pending');

INSERT INTO payments (payment_id, sale_id, payment_date, payment_method, amount_paid, payment_status) 
VALUES (210, 110, DATE '2024-12-11', 'Cash', 1560, 'Paid');

INSERT INTO payments (payment_id, sale_id, payment_date, payment_method, amount_paid, payment_status) 
VALUES (211, 111, DATE '2024-12-12', 'Mobile Money', 2340, 'Partial');

INSERT INTO payments (payment_id, sale_id, payment_date, payment_method, amount_paid, payment_status) 
VALUES (212, 112, DATE '2024-12-13', 'Bank Transfer', 3640, 'Paid');

INSERT INTO payments (payment_id, sale_id, payment_date, payment_method, amount_paid, payment_status) 
VALUES (213, 113, DATE '2024-12-14', 'Cash', 520, 'Paid');

INSERT INTO payments (payment_id, sale_id, payment_date, payment_method, amount_paid, payment_status) 
VALUES (214, 114, DATE '2024-12-15', 'Mobile Money', 4160, 'Paid');

INSERT INTO payments (payment_id, sale_id, payment_date, payment_method, amount_paid, payment_status) 
VALUES (215, 115, DATE '2024-12-16', 'Bank Transfer', 3380, 'Pending');

INSERT INTO payments (payment_id, sale_id, payment_date, payment_method, amount_paid, payment_status) 
VALUES (216, 116, DATE '2024-12-17', 'Cash', 4680, 'Paid');

INSERT INTO payments (payment_id, sale_id, payment_date, payment_method, amount_paid, payment_status) 
VALUES (217, 117, DATE '2024-12-18', 'Mobile Money', 1040, 'Partial');

INSERT INTO payments (payment_id, sale_id, payment_date, payment_method, amount_paid, payment_status) 
VALUES (218, 118, DATE '2024-12-19', 'Bank Transfer', 4940, 'Paid');

INSERT INTO payments (payment_id, sale_id, payment_date, payment_method, amount_paid, payment_status) 
VALUES (219, 119, DATE '2024-12-20', 'Cash', 260, 'Paid');

INSERT INTO payments (payment_id, sale_id, payment_date, payment_method, amount_paid, payment_status) 
VALUES (220, 120, DATE '2024-12-21', 'Mobile Money', 4420, 'Pending');


INSERT INTO payments VALUES (221, 121, DATE '2024-12-22', 'Cash', 1650, 'Paid');
INSERT INTO payments VALUES (222, 122, DATE '2024-12-23', 'Mobile Money', 1300, 'Paid');
INSERT INTO payments VALUES (223, 123, DATE '2024-12-24', 'Bank Transfer', 1400, 'Paid');
INSERT INTO payments VALUES (224, 124, DATE '2024-12-25', 'Cash', 3120, 'Pending');
INSERT INTO payments VALUES (225, 125, DATE '2024-12-26', 'Mobile Money', 5200, 'Paid');

INSERT INTO payments VALUES (226, 126, DATE '2024-12-27', 'Bank Transfer', 1300, 'Paid');
INSERT INTO payments VALUES (227, 127, DATE '2024-12-28', 'Cash', 1820, 'Paid');
INSERT INTO payments VALUES (228, 128, DATE '2024-12-29', 'Mobile Money', 1125, 'Partial');
INSERT INTO payments VALUES (229, 129, DATE '2024-12-30', 'Bank Transfer', 1595, 'Paid');
INSERT INTO payments VALUES (230, 130, DATE '2024-12-31', 'Cash', 4060, 'Paid');

INSERT INTO payments VALUES (231, 131, DATE '2024-12-01', 'Mobile Money', 810, 'Paid');
INSERT INTO payments VALUES (232, 132, DATE '2024-12-02', 'Bank Transfer', 740, 'Pending');
INSERT INTO payments VALUES (233, 133, DATE '2024-12-03', 'Cash', 7600, 'Paid');
INSERT INTO payments VALUES (234, 134, DATE '2024-12-04', 'Mobile Money', 12870, 'Paid');
INSERT INTO payments VALUES (235, 135, DATE '2024-12-05', 'Bank Transfer', 680, 'Paid');

INSERT INTO payments VALUES (236, 136, DATE '2024-12-06', 'Cash', 1560, 'Paid');
INSERT INTO payments VALUES (237, 137, DATE '2024-12-07', 'Mobile Money', 2450, 'Paid');
INSERT INTO payments VALUES (238, 138, DATE '2024-12-08', 'Bank Transfer', 1900, 'Paid');
INSERT INTO payments VALUES (239, 139, DATE '2024-12-09', 'Cash', 15500, 'Pending');
INSERT INTO payments VALUES (240, 140, DATE '2024-12-10', 'Mobile Money', 21000, 'Partial');

INSERT INTO payments VALUES (241, 141, DATE '2024-12-11', 'Bank Transfer', 15600, 'Paid');
INSERT INTO payments VALUES (242, 142, DATE '2024-12-12', 'Cash', 6030, 'Paid');
INSERT INTO payments VALUES (243, 143, DATE '2024-12-13', 'Mobile Money', 3500, 'Paid');
INSERT INTO payments VALUES (244, 144, DATE '2024-12-14', 'Bank Transfer', 2600, 'Paid');
INSERT INTO payments VALUES (245, 145, DATE '2024-12-15', 'Cash', 6400, 'Paid');

INSERT INTO payments VALUES (246, 146, DATE '2024-12-16', 'Mobile Money', 6720, 'Paid');
INSERT INTO payments VALUES (247, 147, DATE '2024-12-17', 'Bank Transfer', 1900, 'Pending');
INSERT INTO payments VALUES (248, 148, DATE '2024-12-18', 'Cash', 11500, 'Paid');
INSERT INTO payments VALUES (249, 149, DATE '2024-12-19', 'Mobile Money', 4050, 'Paid');
INSERT INTO payments VALUES (250, 150, DATE '2024-12-20', 'Bank Transfer', 2700, 'Partial');

INSERT INTO payments VALUES (251, 151, DATE '2024-12-21', 'Cash', 810, 'Paid');
INSERT INTO payments VALUES (252, 152, DATE '2024-12-22', 'Mobile Money', 1000, 'Paid');
INSERT INTO payments VALUES (253, 153, DATE '2024-12-23', 'Bank Transfer', 825, 'Paid');
INSERT INTO payments VALUES (254, 154, DATE '2024-12-24', 'Cash', 1680, 'Paid');
INSERT INTO payments VALUES (255, 155, DATE '2024-12-25', 'Mobile Money', 2255, 'Paid');

INSERT INTO payments VALUES (256, 156, DATE '2024-12-26', 'Bank Transfer', 740, 'Paid');
INSERT INTO payments VALUES (257, 157, DATE '2024-12-27', 'Cash', 900, 'Paid');
INSERT INTO payments VALUES (258, 158, DATE '2024-12-28', 'Mobile Money', 2870, 'Pending');
INSERT INTO payments VALUES (259, 159, DATE '2024-12-29', 'Bank Transfer', 810, 'Paid');
INSERT INTO payments VALUES (260, 160, DATE '2024-12-30', 'Cash', 5460, 'Paid');

INSERT INTO payments VALUES (261, 161, DATE '2024-12-31', 'Mobile Money', 1700, 'Partial');
INSERT INTO payments VALUES (262, 162, DATE '2024-12-01', 'Bank Transfer', 2280, 'Paid');
INSERT INTO payments VALUES (263, 163, DATE '2024-12-02', 'Cash', 550, 'Paid');
INSERT INTO payments VALUES (264, 164, DATE '2024-12-03', 'Mobile Money', 3440, 'Pending');
INSERT INTO payments VALUES (265, 165, DATE '2024-12-04', 'Bank Transfer', 3390, 'Paid');

INSERT INTO payments VALUES (266, 166, DATE '2024-12-05', 'Cash', 815, 'Paid');
INSERT INTO payments VALUES (267, 167, DATE '2024-12-06', 'Mobile Money', 260, 'Paid');
INSERT INTO payments VALUES (268, 168, DATE '2024-12-07', 'Bank Transfer', 9900, 'Paid');
INSERT INTO payments VALUES (269, 169, DATE '2024-12-08', 'Cash', 11400, 'Paid');
INSERT INTO payments VALUES (270, 170, DATE '2024-12-09', 'Mobile Money', 5460, 'Pending');

INSERT INTO payments VALUES (271, 171, DATE '2024-12-10', 'Bank Transfer', 2590, 'Paid');
INSERT INTO payments VALUES (272, 172, DATE '2024-12-11', 'Cash', 2100, 'Paid');
INSERT INTO payments VALUES (273, 173, DATE '2024-12-12', 'Mobile Money', 1840, 'Paid');
INSERT INTO payments VALUES (274, 174, DATE '2024-12-13', 'Bank Transfer', 1620, 'Paid');
INSERT INTO payments VALUES (275, 175, DATE '2024-12-14', 'Cash', 2450, 'Paid');

INSERT INTO payments VALUES (276, 176, DATE '2024-12-15', 'Mobile Money', 2610, 'Paid');
INSERT INTO payments VALUES (277, 177, DATE '2024-12-16', 'Bank Transfer', 1600, 'Paid');
INSERT INTO payments VALUES (278, 178, DATE '2024-12-17', 'Cash', 3300, 'Paid');
INSERT INTO payments VALUES (279, 179, DATE '2024-12-18', 'Mobile Money', 2600, 'Paid');
INSERT INTO payments VALUES (280, 180, DATE '2024-12-19', 'Bank Transfer', 680, 'Paid');

INSERT INTO payments VALUES (281, 181, DATE '2024-12-20', 'Cash', 380, 'Paid');
INSERT INTO payments VALUES (282, 182, DATE '2024-12-21', 'Mobile Money', 870, 'Paid');
INSERT INTO payments VALUES (283, 183, DATE '2024-12-22', 'Bank Transfer', 4800, 'Pending');
INSERT INTO payments VALUES (284, 184, DATE '2024-12-23', 'Cash', 18000, 'Partial');
INSERT INTO payments VALUES (285, 185, DATE '2024-12-24', 'Mobile Money', 108500, 'Paid');

INSERT INTO payments VALUES (286, 186, DATE '2024-12-25', 'Bank Transfer', 52500, 'Paid');
INSERT INTO payments VALUES (287, 187, DATE '2024-12-26', 'Cash', 15600, 'Paid');
INSERT INTO payments VALUES (288, 188, DATE '2024-12-27', 'Mobile Money', 520, 'Paid');
INSERT INTO payments VALUES (289, 189, DATE '2024-12-28', 'Bank Transfer', 6030, 'Paid');
INSERT INTO payments VALUES (290, 190, DATE '2024-12-29', 'Cash', 7000, 'Pending');

INSERT INTO payments VALUES (291, 191, DATE '2024-12-30', 'Mobile Money', 2600, 'Paid');
INSERT INTO payments VALUES (292, 192, DATE '2024-12-31', 'Bank Transfer', 4800, 'Paid');
INSERT INTO payments VALUES (293, 193, DATE '2025-01-01', 'Cash', 2080, 'Paid');
INSERT INTO payments VALUES (294, 194, DATE '2025-01-02', 'Mobile Money', 7840, 'Pending');
INSERT INTO payments VALUES (295, 195, DATE '2025-01-03', 'Bank Transfer', 1900, 'Paid');

INSERT INTO payments VALUES (296, 196, DATE '2025-01-04', 'Cash', 11500, 'Paid');
INSERT INTO payments VALUES (297, 197, DATE '2025-01-05', 'Mobile Money', 7800, 'Paid');
INSERT INTO payments VALUES (298, 198, DATE '2025-01-06', 'Bank Transfer', 3120, 'Paid');
INSERT INTO payments VALUES (299, 199, DATE '2025-01-07', 'Cash', 4050, 'Paid');
INSERT INTO payments VALUES (300, 200, DATE '2025-01-08', 'Mobile Money', 2700, 'Partial');

-- Add 10 extra to reach 90

INSERT INTO payments VALUES (301, 101, DATE '2025-01-09', 'Cash', 2600, 'Paid');
INSERT INTO payments VALUES (302, 102, DATE '2025-01-10', 'Mobile Money', 1300, 'Paid');
INSERT INTO payments VALUES (303, 103, DATE '2025-01-11', 'Bank Transfer', 2080, 'Paid');
INSERT INTO payments VALUES (304, 104, DATE '2025-01-12', 'Cash', 3120, 'Paid');
INSERT INTO payments VALUES (305, 105, DATE '2025-01-13', 'Mobile Money', 3900, 'Paid');
INSERT INTO payments VALUES (306, 106, DATE '2025-01-14', 'Bank Transfer', 1820, 'Paid');
INSERT INTO payments VALUES (307, 107, DATE '2025-01-15', 'Cash', 5200, 'Paid');
INSERT INTO payments VALUES (308, 108, DATE '2025-01-16', 'Mobile Money', 780, 'Paid');
INSERT INTO payments VALUES (309, 109, DATE '2025-01-17', 'Bank Transfer', 2860, 'Paid');
INSERT INTO payments VALUES (310, 110, DATE '2025-01-18', 'Cash', 1560, 'Paid');


